# ,Song,Artist,Popularity,BPM,Genres,Album,Album Date,Time,Dance,Energy,Acoustic,Instrumental,Happy,Speech,Live,Loud (Db),Key,Time Signature,Added At,Spotify Track Id,Camelot,ISRC
1,"Tears","Sabrina Carpenter",89,113,"pop","Man‚Äôs Best Friend",2025-08-29,02:40,70,88,2,0,49,0,0,-5,C Major,4,2025-12-27,42VUCXerQ5qTr4Qp6PhKo4,8B,USUM72504355
2,"DtMF","Bad Bunny",92,136,"reggaeton, trap latino, urbano latino, latino","DeB√ç TiRAR M√°S FOToS",2025-01-05,03:57,63,13,18,22,3,0,0,-27,G Minor,4,2025-12-26,3sK8wGT43QFpWrvNQsrQya,6A,QMFMF2447070
3,"The Fate of Ophelia","Taylor Swift",98,124,"","The Life of a Showgirl",2025-10-03,03:46,73,60,27,0,52,0,10,-5,F Major,4,2025-12-26,53iuhJlwXhSER5J2IYYv1W,7B,USUG12506436
4,"Abracadabra","Lady Gaga",81,126,"art pop, pop","MAYHEM",2025-03-07,03:43,68,91,1,0,65,0,20,-3,A#/B‚ô≠ Minor,4,2025-12-26,2LHNTC9QZxsL3nWpt8iaSR,3A,USUM72412581
5,"The Abyss (feat. Lana Del Rey)","The Weeknd,Lana Del Rey",75,85,"","Hurry Up Tomorrow",2025-01-31,04:42,19,40,23,0,6,0,10,-9,C Minor,4,2025-12-26,5ZDKPFRZC6QlJpf8bCIXTs,5A,USUG12501144
6,"DAISIES","Justin Bieber",89,110,"","SWAG",2025-07-11,02:56,80,38,72,0,48,0,10,-9,G#/A‚ô≠ Major,4,2025-12-26,5BZsQlgw21vDOAjoqkNgKb,4B,USUG12504304
7,"Illegal","PinkPantheress",79,141,"bedroom pop","Fancy That",2025-05-09,02:29,62,89,7,0,52,0,10,-5,C Minor,4,2025-12-26,1WmBVbFmLt0w6zPP37TeCG,5A,GBAYE2500026
8,"Jealous Type","Doja Cat",77,120,"","Vie",2025-09-26,02:43,66,86,3,0,55,0,10,-3,D Minor,4,2025-12-26,03JZr55j9bIj1d2RQJ7Yq9,7A,USRC12500972
9,"Striptease","FKA twigs",56,160,"art pop, r&b alternativo","EUSEXUA",2025-01-24,04:43,33,52,2,0,8,0,10,-10,E Minor,4,2025-12-26,5kILHrfMHQ4eFHZqnu4yY3,9A,USAT22404707
10,"Something Beautiful","Miley Cyrus",50,114,"","Something Beautiful",2025-05-30,04:31,51,48,7,0,27,0,10,-6,A#/B‚ô≠ Major,3,2025-12-26,1FYXNzi1u1vAl8aUC9TcdO,6B,USSM12501018
11,"TWENTIES","GIVƒíON",75,79,"r&b","BELOVED",2025-07-11,02:51,55,58,5,0,40,0,30,-8,G Major,3,2025-12-26,3HYUSkSJ0iQfocqdJmJqKw,9B,USSM12500362
12,"Heaven is a Home‚Ä¶","Kali Uchis",63,136,"","Sincerely,",2025-05-09,04:04,35,32,78,0,10,0,30,-8,F Major,4,2025-12-26,7A6f6HJqsl5UdG7kBXzXSf,7B,USUG12501798
13,"What I Want (feat. Tate McRae)","Morgan Wallen,Tate McRae",85,116,"country, ","I‚Äôm The Problem",2025-05-16,03:04,66,70,64,0,50,0,10,-4,A Major,4,2025-12-26,04emojnbYkrRmv5qtJcgVP,11B,USUG12501601
14,"Revolving door","Tate McRae",84,148,"","So Close To What",2025-02-21,03:00,45,74,35,0,18,20,10,-6,F#/G‚ô≠ Major,4,2025-12-26,541sN2qNfIlllGn9nGOQoC,2B,USRC12403577
15,"Born Again (feat. Doja Cat & RAYE)","LISA,Doja Cat,RAYE",78,115,"k-pop, ","Alter Ego",2025-02-28,03:51,69,78,7,0,37,0,0,-5,C‚ôØ/D‚ô≠ Major,4,2025-12-26,7KNmIjcmGJIBrhP2s5Vioe,3B,USRC12403763
16,"My Muse","Leon Thomas",70,100,"","PHOLKS",2025-10-24,02:45,80,93,40,0,76,0,10,-2,A Minor,4,2025-12-26,22c6Yop5YVEAhw8UG6O1W1,8A,USUM72510354
17,"Fame is a Gun","Addison Rae",82,138,"","Addison",2025-06-06,03:03,69,40,17,0,41,0,10,-7,D#/E‚ô≠ Minor,4,2025-12-26,7B3BwNecBhKvNwSMOOl7Gk,2A,USSM12501572
18,"Ojos Tristes (with The Mar√≠as)","Selena Gomez,benny blanco,The Mar√≠as",74,110,"bedroom pop","I Said I Love You First",2025-03-19,03:21,67,64,71,2,71,0,20,-7,G#/A‚ô≠ Major,4,2025-12-26,1DpC4L3JjsGRW7y6eTHaMj,4B,USUG12408959
19,"Here All Night","Demi Lovato",62,155,"","It‚Äôs Not That Deep",2025-10-24,02:56,77,92,0,0,86,0,10,-4,G Minor,4,2025-12-26,5sGAAbdvqyRifmUt0IeQia,6A,USUG12507021
20,"What Was That","Lorde",74,127,"","Virgin",2025-06-27,03:29,60,61,35,0,17,10,10,-7,C Major,4,2025-12-27,7hGCCQkdyF1MX6uk339uBS,8B,NZUM72500008
21,"CEREMONY","Stray Kids",78,121,"k-pop, noise music","KARMA",2025-08-22,02:44,89,65,1,0,70,10,10,-3,C‚ôØ/D‚ô≠ Major,4,2025-12-26,62xU1NllqWBCbkZFTXEqzF,3B,US5TA2500179
22,"THIS IS FOR","TWICE",79,128,"k-pop","THIS IS FOR",2025-07-11,02:11,80,74,15,0,92,0,60,-5,F#/G‚ô≠ Minor,4,2025-12-26,3598iBWrS4JhJqP5tHlpVK,11A,US5TA2500103
23,"MOMENTUM (feat. Ilykimchi)","Skrillex,Zacari,Starrah,Ilykimchi",50,160,"dubstep, edm, electro, eletronic, hyperpop","F*CK U SKRILLEX YOU THINK UR ANDY WARHOL BUT UR NOT!! <3",2025-04-01,01:18,68,90,4,2,71,0,80,-4,E Minor,3,2025-12-26,3bFT9KSp6HRmSyDgMVCyuA,9A,USAT22501802
24,"LATINA FOREVA","KAROL G",80,98,"reggaeton, latino, urbano latino","Tropicoqueta",2025-06-20,02:39,81,74,1,0,57,0,0,-3,C‚ôØ/D‚ô≠ Minor,4,2025-12-26,2KrQbq3aqGOFGnkTKnN2XA,12A,USUG12502629
25,"Azizam","Ed Sheeran",81,192,"o lado suave do pop","Play",2025-09-12,02:42,54,91,0,0,87,10,0,-5,F#/G‚ô≠ Major,3,2025-12-26,0sCvjs8IVBhxXVhg7jQemt,2B,GBAHS2500125
26,"So Be It","Clipse,Pusha T,Malice",68,85,"southern hip hop, ","Let God Sort Em Out",2025-07-11,03:14,50,68,6,0,65,30,30,-5,D Major,4,2025-12-26,0xaQ86cGRgcF8wwP1SkXsb,10B,QZD442001487
27,"Community (with Clipse, Pusha T & Malice)","JID,Clipse,Pusha T,Malice",56,151,"southern hip hop, ","God Does Like Ugly (Preluxe Edition)",2025-08-07,04:25,50,84,47,0,67,30,10,-4,B Minor,4,2025-12-26,0N4oKW9st8vwSEQi9Y3vHn,10A,USUM72503414
28,"NOKIA","Drake",85,106,"rap","$ome $exy $ongs 4 U",2025-02-14,04:01,54,73,25,0,51,10,10,-4,F Major,4,2025-12-26,2u9S9JJ6hTZS3Vf22HOZKg,7B,USLD91772032
29,"GiT Ready","Nas,DJ Premier",63,93,"hip hop old school, east coast hip hop, hip hop","Light-Years",2025-12-12,02:51,73,85,8,0,80,30,30,-3,C‚ôØ/D‚ô≠ Major,4,2025-12-26,2TWEKZOpQAs1iXEmbrYw9S,3B,QMFMG2586793
30,"Sugar On My Tongue","Tyler, The Creator",87,126,"","DON'T TAP THE GLASS",2025-07-21,02:33,70,50,3,0,46,10,10,-7,B Major,4,2025-12-26,6xV7Be6XEvkSnighmh2Tzj,1B,USQX92503270
31,"RATHER LIE (with The Weeknd)","Playboi Carti,The Weeknd",80,133,"rage rap, ","MUSIC",2025-03-14,03:29,72,67,6,0,28,0,20,-4,G#/A‚ô≠ Major,4,2025-12-26,68qeaZhtMZ6abrJCYt6nQn,4B,USUM72414871
32,"Ensalada (feat. Anderson .Paak)","Freddie Gibbs,The Alchemist,Anderson .Paak",68,94,"jazz rap, hip hop alternativo, rap experimental, boom bap, ","Alfredo 2",2025-07-25,03:46,73,70,42,0,47,20,60,-9,G#/A‚ô≠ Minor,3,2025-12-26,06ZX08uRQDK02emdw9mN28,1A,USA2P2514520
33,"DARK AURA","Joey Bada$$",55,80,"hip hop, rap, jazz rap","Lonely At The Top",2025-08-29,02:53,48,84,15,0,69,30,40,-5,G#/A‚ô≠ Major,4,2025-12-26,7rukkHI3EaHRbwbTEsCzM1,4B,USQX92502622
34,"MR RECOUP","21 Savage,Drake",80,158,"rap","WHAT HAPPENED TO THE STREETS?",2025-12-12,02:45,79,51,0,3,33,20,10,-5,A Major,4,2025-12-26,38iBHQloAVZNpKsFVU8aAd,11B,USSM12510178
35,"exhaust","Earl Sweatshirt",56,135,"rap experimental, hip hop alternativo","Live Laugh Love",2025-08-22,02:29,55,60,15,0,57,10,40,-7,D Major,4,2025-12-26,6OMq061PfK52o7zvJBwNHP,10B,USWB12501006
36,"Free","Little Simz",55,92,"","Lotus",2025-06-06,03:35,76,65,43,0,78,0,10,-8,G#/A‚ô≠ Minor,4,2025-12-26,05n0mwlh1y3cwjGmHnfVjh,1A,QM4TW2517493
37,"Funny Papers","Mac Miller",64,169,"","Balloonerism",2025-01-17,04:23,47,65,76,0,22,20,10,-7,C Minor,4,2025-12-26,4pu58kqegTnOxPNJpY3kr9,5A,USWB12001888
38,"Yours","De La Soul,Common,Slick Rick",50,88,"jazz rap, east coast hip hop, hip hop, neo soul, hip hop old school","Cabin In The Sky",2025-11-21,04:02,48,76,1,0,25,10,20,-7,G Major,4,2025-12-26,6PRELeqHfN0mxr7d10ucmR,9B,QMFMF2594038
39,"Pour The Henny","Mobb Deep,Nas",53,90,"hip hop old school, east coast hip hop, hardcore hip hop, hip hop, gangster rap","Infinite",2025-10-10,04:15,76,65,19,0,43,20,0,-8,D Major,4,2025-12-26,1Z1TErSXbCXjEJWKqcpf3V,10B,QMDA72558184
40,"No More Old Men (feat. Jamila Woods)","Chance the Rapper,Jamila Woods",51,93,"r&b alternativo","STAR LINE",2025-08-15,04:53,42,72,43,0,27,30,40,-4,G Major,4,2025-12-26,6LZLbkN28UIxUK5Q8sSta4,9B,GXHG92506334
41,"Welcome to Tha Carter","Lil Wayne",52,166,"rap, hip hop","Tha Carter VI",2025-06-06,03:35,44,58,17,0,88,30,40,-8,E Major,4,2025-12-26,0wI5MvhcdTrVERaDOHiNnp,12B,USUG12503441
42,"Magic, Alive!","McKinley Dixon",46,99,"jazz rap, rap experimental","Magic, Alive!",2025-06-06,02:41,49,94,30,0,67,10,0,-3,B Minor,4,2025-12-26,0BqIignaPhhywEKYnQshMl,10A,DED620072936
43,"What You See","Danny Brown,Quadeca",51,158,"rap experimental, hip hop alternativo, art pop","Stardust",2025-11-07,03:44,59,75,30,0,58,10,20,-7,B Minor,4,2025-12-26,3YG8OpxeR9AZSAEkRR66xH,10A,GBBPW2502102
44,"MANDELA","Westside Gunn",56,145,"boom bap, hip hop alternativo, jazz rap, rap experimental","HEELS HAVE EYES 2",2025-08-28,02:02,56,32,31,10,35,30,0,-16,F Minor,4,2025-12-26,6c6Zew86HScHTYayivzpMC,4A,NL8RL2552840
45,"Life Is Beautiful","Larry June,2 Chainz,The Alchemist",60,157,"southern hip hop, rap, hip hop alternativo, jazz rap, rap experimental, boom bap","Life Is Beautiful",2025-02-07,03:06,58,73,65,0,56,20,10,-7,C Minor,4,2025-12-26,6hh74g3EXXM8dF1Boamcyn,5A,USUYG1704151
46,"24 Gospel","Navy Blue,Earl Sweatshirt",49,80,"rap experimental, jazz rap, hip hop alternativo","The Sword & The Soaring",2025-11-11,02:55,42,75,8,5,48,10,50,-8,G Major,4,2025-12-26,2d16PkCqIaZIf31xPJ6qPK,9B,GBBPW2502219
47,"How to Impress God","Saba,No ID",41,90,"","From The Private Collection of Saba and No ID",2025-03-18,03:12,61,57,42,0,52,30,10,-11,C‚ôØ/D‚ô≠ Major,4,2025-12-26,1A9NdpGfoDP1369R1xZ4mZ,3B,QMDA62491858
48,"brown sugar","redveil,Smino",46,85,"hip hop alternativo, rap experimental, hip hop underground, ","sankofa",2025-12-04,03:36,43,77,52,0,62,0,10,-6,C‚ôØ/D‚ô≠ Major,4,2025-12-26,6qKpRzWWhpeBvm4iSJrJLR,3B,QZS4T2500124
49,"Butterflies (Right Now)","Metro Boomin,Roscoe Dash,Quavo,DJ Spinz",54,127,"","Metro Boomin Presents: A Futuristic Summa (Hosted by DJ Spinz)",2025-08-01,03:28,77,86,5,0,75,0,0,-3,C‚ôØ/D‚ô≠ Major,4,2025-12-26,4q2QzhkICCUNDMTFevCu38,3B,USUG12506468
50,"Love Me Anymore","Ghostface Killah,Nas",46,164,"east coast hip hop, hardcore hip hop, hip hop old school, hip hop","Supreme Clientele 2",2025-08-22,02:49,68,88,8,0,63,40,20,-4,A#/B‚ô≠ Minor,4,2025-12-26,5Y5D9xGteT5UM8Bwxx7b3J,3A,QMDA62591826
51,"Drum Show","Twenty One Pilots",72,164,"","Breach",2025-09-12,03:23,44,92,0,0,39,0,0,-4,C‚ôØ/D‚ô≠ Major,4,2025-12-26,20BFo9REyGdCxrlPmD3xph,3B,USAT22505142
52,"Love Is Like (feat. Lil Wayne)","Maroon 5,Lil Wayne",62,88,"pop, rap, hip hop","Love Is Like",2025-08-15,02:54,57,73,15,0,49,20,10,-5,G Major,4,2025-12-26,46XtsFriNQjGM5enGQViSQ,9B,USUM72506367
53,"Enough Is Enough","The Hives",52,135,"garage rock","The Hives Forever Forever The Hives",2025-08-29,02:46,50,88,0,0,47,0,60,-4,B Minor,4,2025-12-26,4BKlAqMNx0YMFTuU39aKb3,10A,GBENL2504271
54,"Emergence","Sleep Token",75,126,"metal progressivo, metalcore","Even In Arcadia",2025-05-09,06:26,52,58,2,0,16,0,0,-7,E Minor,4,2025-12-26,2OMjHcniFxzijWX7EaBrXE,9A,USRC12500014
55,"infinite source","Deftones",70,76,"nu metal, metal alternativo, rap metal, shoegaze, rock","private music",2025-08-22,03:32,43,97,0,50,33,10,20,-3,E Major,4,2025-12-26,3txlvthoUa9vWvG1zr2Lnr,12B,USRE12500232
56,"Dracula","Tame Impala",85,115,"neopsicod√©lica, indie","Deadbeat",2025-10-17,03:25,42,73,3,0,61,0,30,-4,D#/E‚ô≠ Minor,4,2025-12-26,1NXbNEAcPvY5G1xvfN57aA,2A,USQX92504223
57,"Taxes","Geese",68,96,"art rock","Getting Killed",2025-09-26,03:17,34,81,12,16,56,0,10,-6,F#/G‚ô≠ Major,4,2025-12-26,5cbDTZG8lBJqVVa2zqROPI,2B,USBQU2500085
58,"Parachute","Hayley Williams",70,110,"art pop","Ego Death At A Bachelorette Party",2025-11-07,03:40,61,65,0,0,33,0,10,-6,D Major,4,2025-12-26,5iALdwbhnUHa8zGStA3h1J,10B,QMB622500186
59,"Lovebomb","The Neighbourhood",69,120,"","(((((ultraSOUND)))))",2025-11-14,03:20,54,75,9,52,36,0,10,-6,D#/E‚ô≠ Major,4,2025-12-26,6SOJwznM9EuhsspI20Xk0Z,5B,USWB12503646
60,"Man Made of Meat","Viagra Boys",60,144,"post-punk, egg punk","viagr aboys",2025-04-25,03:09,62,89,0,7,72,10,0,-4,G Major,4,2025-12-26,5gR6gTGOGsg9zcR7JhvwQz,9B,SE5AJ2202392
61,"Who Believes In Angels?","Elton John,Brandi Carlile",40,125,"folk, americana","Who Believes In Angels?",2025-04-04,05:13,33,65,16,0,29,0,10,-6,C Major,4,2025-12-26,7lfyWyus1wg0h0FDCOKkQg,8B,GBUM72401780
62,"Basic Being Basic","Djo",72,122,"","The Crux",2025-04-04,02:38,86,59,12,0,94,0,0,-5,F#/G‚ô≠ Major,4,2025-12-26,2jjwQENSoGnYbQEK4acuC6,2B,QMFMF2426857
63,"Night Or Day","Franz Ferdinand",49,97,"indie rock","The Human Fear",2025-01-10,03:21,57,92,9,0,71,0,30,-2,A Minor,4,2025-12-26,7MEq9ql3Pt3FU0cjp6yJLA,8A,GBCEL2400354
64,"Look Up","Ringo Starr,Molly Tuttle",27,111,"bluegrass, newgrass, americana","Look Up",2025-01-10,03:10,68,77,37,0,89,0,10,-9,E Major,4,2025-12-26,5Snxe2isWXVShJuXCg5rCO,12B,USUG12406097
65,"Zombie","YUNGBLUD",72,160,"","Idols",2025-06-20,04:06,23,73,0,0,20,0,10,-4,C‚ôØ/D‚ô≠ Minor,4,2025-12-26,42GKyvz5KBsHTBaLpo3cqJ,12A,USUG12501758
66,"Lachryma","Ghost",65,111,"metal, hard rock","Skelet√°",2025-04-25,04:36,55,88,0,9,38,0,0,-5,D Major,4,2025-12-26,4TjCaQsPQhGZUk0Hls4O3Y,10B,USC4R2452129
67,"Curious Ruminant","Jethro Tull",34,97,"rock progressivo, art rock, rock cl√°ssico","Curious Ruminant",2025-03-07,06:00,71,65,40,8,40,0,10,-8,C‚ôØ/D‚ô≠ Minor,4,2025-12-26,4jmAbY7QylNBffkOOp4duw,12A,GBDHC2551002
68,"NOT OK","5 Seconds of Summer",63,140,"","EVERYONE'S A STAR!",2025-11-14,03:26,60,94,0,0,57,10,80,-3,F Minor,4,2025-12-26,0RI68moXX6jjEjcIxAb0Uo,4A,USUG12507980
69,"Look Down On Us","Maruja",50,156,"post-rock, art rock, noise rock, post-punk","Pain to Power",2025-09-12,09:58,16,72,5,8,15,0,30,-6,D Minor,4,2025-12-26,3KQFlED2WlEBOFRK61eI05,7A,GBCKC2500057
70,"Nettles","Ethel Cain",67,130,"g√≥tico do sul","Willoughby Tucker, I'll Always Love You",2025-08-08,08:03,35,31,54,0,14,0,10,-9,C Major,4,2025-12-26,02kTd6gB8IsBwPygDTHE4c,8B,QM7282516248
71,"Not Goodbye (Close My Eyes)","The Goo Goo Dolls",31,135,"","Summer Anthem",2025-08-22,03:28,31,68,0,0,20,0,0,-7,C Major,4,2025-12-26,5psZdJjvQij0fWxz2iFWMv,8B,USWB12502498
72,"Everything Is Peaceful Love","Bon Iver",60,160,"","SABLE, fABLE",2025-04-11,03:30,59,86,32,28,81,10,20,-6,G Major,4,2025-12-26,4XosapYiYaXGcxc83p3DD9,9B,US38Y2445002
73,"77 - feat. Avril Lavigne","Billy Idol,Avril Lavigne",36,166,"","Dream Into It",2025-04-25,02:53,45,85,0,0,50,0,30,-5,G Major,4,2025-12-26,1UcEqm5NO78AmZB3u0qMc3,9B,QMRSZ2500241
74,"This is the Killer Speaking","The Last Dinner Party",59,123,"","From The Pyre",2025-10-17,04:54,39,70,0,0,41,0,40,-6,F#/G‚ô≠ Major,4,2025-12-26,62ZspgOi379ykrVuC3GRBJ,2B,GBUM72503675
75,"NEVER ENOUGH","Turnstile",64,154,"hardcore punk, hardcore","NEVER ENOUGH",2025-06-06,04:47,19,63,8,30,4,0,0,-7,D Major,4,2025-12-26,1zoXDi9AY4TF5JoUuCCTL6,10B,NLA322500053
76,"Leandro Roque","Jotap√™,Papatinho,Emicida",48,81,"hip hop brasileiro, trap brasileiro, boom bap, nova mpb","At√© A √öltima Rima",2025-07-03,04:35,63,61,4,17,80,10,0,-5,C‚ôØ/D‚ô≠ Major,4,2025-12-27,6CloyUaUDsg2gOp51hT9ao,3B,BXJK02500051
77,"BONDE DOS ESTRAGA FESTA","Papatinho,Major RD,Mc Carol,CALIFFA",37,128,"hip hop brasileiro, trap brasileiro, trap, trap funk, brega funk, funk, pop nacional, funk pop, ","MPC (M√∫sica Popular Carioca)",2025-05-30,02:19,95,80,4,0,85,10,10,-4,E Minor,4,2025-12-27,01pJihjyjMOooJSpEJBuLu,9A,BRUM72500576
78,"Olha Onde Eu T√¥","Ana Castela",74,118,"sertanejo, agronejo, sertanejo universit√°rio, piseiro","Let's Go Rodeo",2025-05-29,03:01,73,83,2,0,73,0,30,-4,E Major,4,2025-12-27,10MsXPpQLz5ZrOEZxTtkIm,12B,BKYPG2500003
79,"Lembrei de N√≥s","Jo√£o Gomes,Mestrinho,Jota.p√™",73,133,"piseiro, forr√≥, arrocha, sertanejo, brega, forr√≥ tradicional, nova mpb, mpb","Dominguinho",2025-04-18,03:16,46,42,85,0,39,0,20,-10,F#/G‚ô≠ Minor,4,2025-12-27,3MZasYL4eB4Tm2U2LZ58tj,11A,BKJW22500001
80,"Energy","LUDMILLA,AJULIACOSTA,Duquesa",60,144,"pagode, pop nacional, funk pop, funk, pagode baiano, funk carioca, ","Fragmentos",2025-11-06,02:59,76,84,28,0,38,10,10,-3,F Minor,4,2025-12-27,2bbqTnm2KkGAH4kFvnlMeU,4A,BKSQE2500022
81,"AEROMO√áA","Xam√£,Flora Matos",66,105,"hip hop brasileiro, trap brasileiro, trap funk, trap","FRAGMENTADO",2025-05-29,02:38,84,72,17,0,79,20,10,-7,C‚ôØ/D‚ô≠ Major,4,2025-12-27,48prukdF0AI4Q7AMOzkxnQ,3B,BKXXP2500010
82,"Retrovisor","Gusttavo Lima",79,135,"sertanejo, sertanejo universit√°rio, arrocha, agronejo, piseiro, forr√≥","Feito √Ä M√£o Vol. 01",2025-08-13,03:05,71,71,51,0,47,0,20,-4,F Major,4,2025-12-27,4QZqSqxdcgAbtZle4MS4ph,7B,BXBAL2500255
83,"A mema pra√ßa","Emicida,Rashid,Projota",57,150,"hip hop brasileiro, nova mpb, pop nacional","Emicida Racional VL 2 - Mesmas Cores & Mesmos Valores",2025-12-11,05:44,68,85,30,0,49,40,60,-6,D#/E‚ô≠ Minor,4,2025-12-27,6j02jeNHYIiQmEooAaE4kP,2A,BK5QH2500006
84,"Falta Ralar!","Djavan",53,71,"mpb","Improviso",2025-11-11,04:37,64,36,74,0,46,0,20,-9,F#/G‚ô≠ Minor,4,2025-12-27,4QHGFADLPWUKBhTVMhO7H0,11A,BRLRO2500007
85,"Cacos De Vidro (sample: Esperar pra Ver)","BK,Kolo,Evinha",71,94,"hip hop brasileiro, boom bap, trap brasileiro, mpb, bossa nova, jazz brasileiro","Diamantes, L√°grimas e Rostos para Esquecer",2025-01-28,02:29,63,65,50,0,39,10,70,-6,A Major,4,2025-12-27,7hgKeJgEQyjl6JcpudzvzU,11B,BXA5K2500015
86,"saudade do Mar","Don L,Alice Caymmi,Iuri Rio Branco",50,74,"hip hop brasileiro, boom bap, nova mpb, mpb, pop nacional","CARO Vapor II - qual a forma de pagamento ?",2025-06-16,04:28,68,55,20,1,77,0,10,-6,D#/E‚ô≠ Minor,4,2025-12-27,74ZZCnIZETJKxU4poj7vtB,2A,BR4IW2500007
87,"DEMORO A DORMIR","Djonga,Milton Nascimento,Coyote Beatz",52,125,"hip hop brasileiro, boom bap, trap brasileiro, mpb, bossa nova, jazz brasileiro","Quanto Mais Eu Como, Mais Fome Eu Sinto !",2025-03-13,03:53,66,68,77,0,58,40,10,-5,F#/G‚ô≠ Minor,5,2025-12-27,2jT4BeLP0YxXXleJijuPsq,11A,BCQAL2500011
88,"XTRANHO","Matu√™,Brand√£o85",74,138,"trap brasileiro, trap, hip hop brasileiro, trap funk","XTRANHO",2025-12-10,03:33,79,79,1,0,38,0,10,-4,C‚ôØ/D‚ô≠ Major,4,2025-12-27,6sHWMvDDdgNNvkJ7JHktdl,3B,BXW922500137
89,"Foguinho","Gaby Amarantos",66,175,"tecnobrega, brega, pop nacional, nova mpb","Rock Doido",2025-08-29,01:22,66,86,13,1,77,0,0,-5,C Major,4,2025-12-27,0W6aXi2B0UlwY0sPckvrmT,8B,BX05T2500021
90,"Direito de Amar","Negra Li,Liniker",27,112,"hip hop brasileiro, pop nacional, nova mpb, mpb","O Sil√™ncio Que Grita",2025-05-30,03:38,78,62,4,0,55,0,10,-9,F#/G‚ô≠ Minor,4,2025-12-27,1R2iq7PUBIgp2BP0FZSHiu,11A,BXYA62500023
91,"Dharma","AJULIACOSTA,Dj KLJay,Maffalda",68,174,"hip hop brasileiro, ","Novo Testamento",2025-09-16,02:18,63,56,17,0,28,60,10,-6,C‚ôØ/D‚ô≠ Major,4,2025-12-27,0EZg6KOUpuq9bBDWrPpK1f,3B,BXULA2500003
92,"Lua Cheia","Marina Sena",70,132,"pop nacional, nova mpb","Coisas Naturais",2025-03-31,03:17,78,67,32,0,66,0,0,-7,G#/A‚ô≠ Major,4,2025-12-27,6II8HGRVkvVUy0uIM4X5Qq,4B,BK3762500024
93,"Sete Prazeres","Seu Jorge,Peu Meurray",34,122,"mpb, samba, pagode, nova mpb","Baile √† la Baiana",2025-02-16,03:23,77,84,29,0,90,0,0,-5,F#/G‚ô≠ Major,4,2025-12-27,1pcDfxsRy1SeRZTuio4gfA,2B,BRF282500001
94,"Balacobaco","BaianaSystem,Alice Carvalho,Anitta",46,134,"nova mpb, pop nacional, ax√©, funk pop, funk, funk carioca","O Mundo D√° Voltas",2025-01-16,04:00,67,92,1,0,82,0,30,-5,G Major,4,2025-12-27,5j7IHiBNGN7FJgT49eQkd2,9B,BXQQ32400023
95,"Assaltos e Batidas","FBC,Pepito,DJ Cost",42,92,"hip hop brasileiro, boom bap, miami bass, trap brasileiro","ASSALTOS E BATIDAS",2025-06-06,02:20,76,77,1,0,64,30,60,-7,C Major,4,2025-12-27,5rmZvDdnuxDUq2OPoDN2sA,8B,BCFCX2500008
96,"Onda (Cita√ß√£o A onda)","Rael,Mano Brown,Dom Fil√≥",40,100,"hip hop brasileiro, nova mpb, ","Onda",2025-03-20,02:58,63,83,2,0,75,10,20,-4,A#/B‚ô≠ Minor,4,2025-12-27,1AM7bvh9eaI90UePrYtQ4K,3A,BRX6F2400031
97,"Maravilhosamente Bem","Julia Mestre",35,130,"nova mpb","MARAVILHOSAMENTE BEM",2025-05-08,03:46,66,57,39,2,88,0,50,-12,A Minor,4,2025-12-27,6A7Ck7Bgl3YIzbeUwm99Sm,8A,BK3EP2500008
98,"ROBOCOP","MC Lan,Criolo,John Dolmayan",50,110,"funk, hip hop brasileiro, samba, nova mpb, mpb, ","V3NOM Vol. 1 - Eclipse",2025-12-12,03:33,46,98,3,0,25,20,20,-4,G Major,4,2025-12-27,51J7XgUeRMyVfe02DpsGo3,9B,BXCXZ2500002
99,"ME POSTOU NO DAILY - FESTA DO BIG G","MC GP,Mc Lele JP,DJ DAVI DOGDOG,Dj Andrabeat",74,130,"funk, funk consciente, trap funk","MIXTAPE - BIG G",2025-11-27,02:57,84,52,50,0,50,20,10,-7,C Minor,4,2025-12-27,4ukpXdplqDEMk3Fy2i30oI,5A,BK4DA2549343
100,"Ta Rico Os Menino Do Gueto üçÄ","Mc IG,MC Ryan SP,Mc Neg√£o Original,MC GP,DJ DAVI DOGDOG,DJ Japa NK,DU'L,MC Meno K,Mc guizinho niazi,Nickz Beatz,SiarBeats",68,130,"funk, trap funk, funk consciente, funk carioca, brega funk, trap brasileiro, ","Feliz no Simples üçÄ",2025-05-13,07:39,63,70,38,0,55,40,10,-5,G Minor,4,2025-12-27,7GNbFvEP3uKNASe3oaLl8U,6A,BCGWP2500017
101,"Bodies (feat. JID)","Offset,JID",66,135,"","KIARI",2025-08-22,02:58,87,73,11,0,23,20,20,-4,A Major,4,2025-12-27,7jXHMDFD5IP6pOUtC1p3iz,11B,USUM72506534
102,"Backyard (feat. JID)","TiaCorine,JID",41,87,"","CORINIAN",2025-10-10,03:23,73,70,0,0,23,10,10,-8,A Minor,4,2025-12-27,6P7tSX4eCShbGA5IN44Jqk,8A,USUM72506445
103,"What Did I Miss?","Drake",79,126,"rap","What Did I Miss?",2025-07-05,03:14,75,80,18,0,46,0,30,-4,C Minor,4,2025-12-27,57GsLpRtEtrzcPGPop20rS,5A,USUG12505774
104,"4X4","Travis Scott",73,143,"rap","4X4",2025-01-24,03:10,63,85,4,0,22,0,70,-3,F#/G‚ô≠ Minor,4,2025-12-27,6s8WSX1MxNThrot8ThI6fG,11A,USSM12410202
105,"SHYNE","Travis Scott,GloRilla",66,148,"rap, ","JACKBOYS 2",2025-07-13,03:13,72,77,5,0,47,10,40,-5,C Major,4,2025-12-27,4lUAlhQOVzhitQKjxrHVny,8B,USSM12503083
106,"Stuff (feat. Travis Scott)","Lil Baby,Travis Scott",74,120,"rap","WHAM (Extended Version)",2025-01-10,03:00,84,68,1,0,76,20,10,-6,G#/A‚ô≠ Minor,4,2025-12-27,6JvIjI8H3yxpigROd3Cv9N,1A,USUG12500008
107,"cLOUDs","J. Cole",67,115,"rap","cLOUDs",2025-02-21,04:02,75,51,38,0,40,20,10,-10,C‚ôØ/D‚ô≠ Major,4,2025-12-27,53WWD2BBC6Jcip8wy5CniE,3B,USUG12502000
108,"Money On Money (feat. Future)","Young Thug,Future",40,120,"rap, trap, rap mel√≥dico","UY SCUTI",2025-09-26,03:56,78,67,0,0,9,0,20,-6,A#/B‚ô≠ Minor,4,2025-12-27,4ctMCAuNLamjH0twfZ8kV8,3A,USAT22502845
109,"GBP (feat. 21 Savage)","Central Cee,21 Savage",73,142,"drill reino unido, drill, grime reino unido, grime, ","CAN'T RUSH GREATNESS",2025-01-24,02:34,83,68,9,0,67,20,20,-4,C‚ôØ/D‚ô≠ Major,4,2025-12-27,4pftaoQbbheCXSdleWIeDK,3B,USSM12408428
110,"The Subway","Chappell Roan",84,166,"","The Subway",2025-08-01,04:12,31,61,43,0,50,0,10,-6,A#/B‚ô≠ Major,4,2025-12-27,2SsY5k7UWFqgye3PUMG3Oq,6B,USUG12506170
111,"Ordinary","Alex Warren",61,168,"","You'll Be Alright, Kid",2025-07-18,03:06,37,69,70,0,39,0,0,-6,D Major,3,2025-12-27,0M6rjvWWDooFwiAClgdoOI,10B,USAT22500463
112,"Man I Need","Olivia Dean",80,119,"pop soul","The Art of Loving",2025-09-26,03:04,57,58,46,0,72,10,10,-7,C‚ôØ/D‚ô≠ Major,4,2025-12-27,0mYXRQpTGjaLJt1l9MY4ps,3B,GBUM72503089
113,"Paint Me A Picture","Magdalena Bay",55,100,"","Human Happens / Paint Me A Picture",2025-10-17,03:51,55,91,0,46,83,0,10,-8,D Major,4,2025-12-27,7ISwaPtdHn0D5LlqZAFrh0,10B,USQE92500224
114,"like JENNIE","JENNIE",88,130,"k-pop","Ruby",2025-03-07,02:03,81,74,28,1,82,0,0,-5,A#/B‚ô≠ Minor,4,2025-12-27,0fK7ie6XwGxQTIkpFoWkd1,3A,USQX92500261
115,"Golden","HUNTR/X,EJAE,AUDREY NUNA,REI AMI,KPop Demon Hunters Cast",97,123,"k-pop","KPop Demon Hunters (Soundtrack from the Netflix Film)",2025-06-20,03:14,65,69,10,0,10,0,10,-4,E Minor,3,2025-12-27,1CPZ5BxNNd0n0nF4Orb9JS,9A,QZ8BZ2513510
116,"Gabriela","KATSEYE",63,146,"k-pop","BEAUTIFUL CHAOS",2025-06-27,03:17,66,75,20,0,61,0,30,-5,G Major,4,2025-12-27,55hTqqpz8k2TNRLhHKbbDx,9B,USUM72503465
117,"In Your Fantasy","ATEEZ",72,115,"k-pop, noise music","GOLDEN HOUR : Part.3 'In Your Fantasy Edition'",2025-07-11,03:12,87,84,0,0,72,0,20,-5,F Minor,4,2025-12-27,3Z4BxvgOJ8KupcDIV3OV2f,4A,KRD442500017
118,"undressed","sombr",87,116,"","I Barely Know Her",2025-08-22,03:02,64,89,14,0,89,0,0,-4,C Major,4,2025-12-27,0TFTAtCYhp2tQ9KcJIZb55,8B,USWB12500737
119,"Defense","Panda Bear",40,80,"neopsicod√©lica","Sinister Grift",2025-02-28,04:35,63,42,5,1,60,0,10,-8,F#/G‚ô≠ Major,4,2025-12-27,78OTfqF9NB66o8oKHAEyc3,2B,GBCEL2400268
120,"d¬£aler","Lola Young",56,122,"","I‚Äôm Only F**king Myself",2025-09-19,02:40,96,54,34,0,87,0,0,-7,F Major,4,2025-12-27,2oEWlfp7bWOb3Mqiyhu8rW,7B,GBUM72503334
121,"Angel Of My Dreams","JADE",60,128,"","THAT'S SHOWBIZ BABY!",2025-09-12,03:17,51,75,9,0,33,0,30,-6,F#/G‚ô≠ Minor,4,2025-12-27,3Zu0AWO9PN2lP2kCls5mkq,11A,GBARL2400873
122,"Folded","Kehlani",88,136,"","Folded",2025-06-11,03:58,57,60,30,0,50,0,10,-7,C‚ôØ/D‚ô≠ Major,4,2025-12-27,0bxPRWprUVpQK0UFcddkrA,3B,USAT22504344
123,"out of body","Khalid",60,111,"","after the sun goes down",2025-10-10,02:55,83,69,1,0,86,0,20,-6,E Minor,4,2025-12-27,6sj5SvhYykiM1yWBWYB3Oc,9A,USRC12501608
124,"Rain Down (Feat. Sampha)","Daniel Caesar,Sampha",56,81,"indie soul","Son Of Spergy",2025-10-24,03:07,35,37,89,10,33,0,40,-11,A#/B‚ô≠ Minor,4,2025-12-27,0KN0t8QAPnc5cC77Q7KJON,3A,USUG12505888
125,"Selfish (feat. James Blake)","Dave,James Blake",69,124,"grime, grime reino unido, drill reino unido, drill, ","The Boy Who Played the Harp",2025-10-23,04:31,66,46,88,0,16,10,10,-12,A Minor,4,2025-12-27,4lhOzoYujY5YD3anyw68hp,8A,GBUM72506030
126,"Bad Dreams","Teddy Swims",84,125,"","I've Tried Everything But Therapy (Part 2)",2025-01-24,03:04,71,68,27,0,62,0,0,-6,G#/A‚ô≠ Major,4,2025-12-27,3BntzKsnLf2pc0dsvE3Zav,4B,USWB12403749
127,"It Depends (feat. Bryson Tiller)","Chris Brown,Bryson Tiller",77,136,"r&b, trap soul","It Depends (feat. Bryson Tiller)",2025-07-25,04:31,66,47,2,0,36,0,0,-8,C‚ôØ/D‚ô≠ Major,4,2025-12-27,0t3pcqgBjuAVBgY2oEUIlH,3B,USRC12501295
128,"Tiramisu","Don Toliver",80,133,"","Tiramisu",2025-09-05,02:18,81,71,5,0,33,0,10,-6,B Minor,4,2025-12-27,6pDt1F76BKy3ywWg4t8wee,10A,USAT22506317
129,"wgft (feat. Burna Boy)","Gunna,Burna Boy",78,89,"rap mel√≥dico, afrobeats, afrobeat, afropop, afroswing, dancehall, afropiano","wgft (feat. Burna Boy)",2025-08-07,03:04,71,41,9,1,38,10,10,-8,D Major,4,2025-12-27,4kCkgD1ITALBjzBwGsf6tW,10B,USAT22505814
130,"WHAT I WANT (feat. Lil Wayne)","Ty Dolla $ign,Lil Wayne",54,100,"trap soul, rap, hip hop","TYCOON",2025-10-17,02:35,87,52,1,0,25,20,0,-8,C‚ôØ/D‚ô≠ Major,4,2025-12-27,5pxuXlrDlrUIGv1ZqysQ7u,3B,USAT22504307
131,"Tweaker","GELO",28,167,"","League of My Own",2025-07-18,03:09,69,83,15,0,81,30,0,-6,D Minor,4,2025-12-27,0y0cTrjxFrsVezldUQQ0m4,7A,QT3F42457524
132,"All The Way (feat. Bailey Zimmerman)","BigXthaPlug,Bailey Zimmerman",52,135,"southern hip hop, country","I Hope You're Happy",2025-08-22,02:45,77,59,28,0,43,0,10,-6,B Major,4,2025-12-27,0bbGQllOofSd6vJtkPlUkF,1B,QZLL92584883
133,"COM√ã N GO","Yeat",86,145,"rage rap","DANGEROUS SUMMER",2025-08-01,03:18,90,59,6,0,30,0,10,-6,A Minor,4,2025-12-27,2mNGL7mZILSqZHxGboJaO9,8A,USUM72508238
134,"Dark Thoughts","Lil Tecca",76,102,"rap mel√≥dico, rap","DOPAMINE",2025-06-13,02:16,80,79,5,0,71,10,10,-4,C‚ôØ/D‚ô≠ Minor,4,2025-12-27,7lv4SU2ATVjQJp6Jia0x7N,12A,USUM72502156
135,"stick","Jim Legxacy",56,113,"","black british music (2025)",2025-07-18,02:19,90,77,6,1,32,0,10,-5,A Major,3,2025-12-27,03zypUrD0e5vrFcmc80NJm,11B,GBBKS2500077
136,"u aint gotta chance","Big L,Nas",52,100,"east coast hip hop, hip hop old school, hardcore hip hop, boom bap, hip hop","Harlem's Finest: Return Of The King",2025-10-31,02:48,75,82,10,0,45,20,60,-5,C Major,4,2025-12-27,5O6fI77Eul1zQ0afJ66xeP,8B,QMFMF2506775
137,"Outside","Cardi B",61,160,"","AM I THE DRAMA?",2025-09-19,03:26,87,64,13,0,85,10,0,-7,F Major,4,2025-12-27,0q2zGICTMJ3ZAZX0r2RLNH,7B,USAT22504480
138,"Get Yo Boy (with 21 Savage)","Summer Walker,21 Savage",65,123,"r&b, ","Finally Over It",2025-11-14,03:09,68,56,27,0,26,0,10,-8,F#/G‚ô≠ Minor,4,2025-12-27,4PIVjezxyuvwwH4qyHQhu0,11A,USUM72509047
139,"Mystical Magical","Benson Boone",82,120,"","American Heart",2025-06-20,02:45,67,70,19,0,85,10,30,-4,B Major,4,2025-12-27,2ipIPsgrgd0j2beDf4Ki70,1B,USWB12500844
140,"bandaids","Katy Perry",74,94,"pop","bandaids",2025-11-07,03:08,58,75,1,0,46,0,0,-4,C‚ôØ/D‚ô≠ Major,4,2025-12-27,7vlkotgJCvYzVrmRqDYNYh,3B,USUM72511235
141,"Bluebird","Lana Del Rey",59,77,"","Bluebird",2025-04-18,04:02,25,18,88,12,24,0,0,-12,C Major,4,2025-12-27,2pJL7VBbeO4ZqVIUDf0x9H,8B,GBUM72501816
142,"Midnight Sun","Zara Larsson",76,151,"","Midnight Sun",2025-09-25,03:09,69,85,3,0,49,10,0,-5,A Major,4,2025-12-27,1qRV1dKLOfH1s00b9J2LUQ,11B,USSM12502221
143,"Lover Girl","Laufey",79,88,"","A Matter of Time",2025-08-22,02:44,66,45,84,0,90,10,0,-7,B Major,4,2025-12-27,4nwjvcUjV7cexhwA40Bh5i,1B,QM6N22553527
144,"Burning Blue","Mariah the Scientist",73,120,"r&b alternativo","HEARTS SOLD SEPARATELY",2025-08-21,03:26,37,56,14,0,20,0,0,-5,A#/B‚ô≠ Minor,4,2025-12-27,1WBD2KNkYu880G7ElAituh,3A,USSM12501674
145,"BOY CRAZY.","Kesha",48,180,"",".",2025-07-04,02:28,54,81,5,7,82,0,10,-7,C‚ôØ/D‚ô≠ Major,4,2025-12-27,4SVlgCR8RCbdrbzIgln1Un,3B,US38Y2525386
146,"Berghain","ROSAL√çA,Bj√∂rk,Yves Tumor",80,125,"latino, art pop, trip hop, ","Berghain",2025-10-27,02:58,42,44,29,0,22,0,20,-6,A Minor,4,2025-12-27,6V4ntlX6608rd3Ec5SpVhj,8A,USSM12504034
147,"Victory Lap","Fred again..,Skepta,Plaqueboymax",52,140,"stutter house, house, grime, grime reino unido, ","Skepta .. Fred",2025-08-29,02:45,89,75,16,0,59,10,0,-3,B Major,4,2025-12-27,6Oi5OOQcnkRvU90WgFV32x,1B,GBAHS2500558
148,"Hard Part (feat. Lucky Daye)","Teyana Taylor,Lucky Daye",58,144,"","Escape Room",2025-08-22,02:38,46,50,25,0,27,10,10,-7,F#/G‚ô≠ Minor,4,2025-12-27,6ykfyiNkupYNQqcgym28Ak,11A,USUM72506693
149,"Baby!","Dijon",60,83,"","Baby",2025-08-15,03:40,33,56,45,0,38,0,10,-8,E Major,4,2025-12-27,6Qgy3ikLFnJsJ7xHL0mayF,12B,USWB12503070
150,"Back To Me","The Mar√≠as",79,144,"bedroom pop","Back To Me",2025-04-04,03:34,46,49,47,3,24,0,10,-9,A Major,4,2025-12-27,4E0P1xs3JNmsNr5c5nFTZJ,11B,USAT22501082
151,"Sua Boca Mente (You're Still The One)","Z√© Felipe,Ana Castela",67,137,"piseiro, sertanejo, agronejo, arrocha, sertanejo universit√°rio, forr√≥","Country Sessions 2",2025-11-13,03:14,62,67,46,0,59,0,0,-6,C‚ôØ/D‚ô≠ Major,4,2025-12-27,4j9UHHiN68z5WL0AdYZC6a,3B,BRTLW2500121
152,"Ilus√£o De √ìtica - Ao Vivo","Matheus & Kauan,Ana Castela",80,163,"sertanejo, sertanejo universit√°rio, arrocha, agronejo, piseiro","Envolvente (Ao Vivo / Vol.2)",2025-03-14,02:59,62,89,39,0,80,0,20,-3,A Major,4,2025-12-27,44CTudFZ0kbaIF9n0jk7oU,11B,BKU8M2500001
153,"Vagabundo","Gusttavo Lima,Luis Fonsi",81,189,"sertanejo, sertanejo universit√°rio, arrocha, agronejo, piseiro, forr√≥, latino","Vagabundo",2025-12-09,03:27,66,79,33,0,95,20,20,-4,A#/B‚ô≠ Minor,4,2025-12-27,1mnMkTvrPi4iTblXaRvOoi,3A,BXBAL2500318
154,"Eu Vou na Sua Casa","Felipe Amorim,Vit√£o,BIN,Malibu",80,125,"piseiro, forr√≥, arrocha, sertanejo, agronejo, brega, pop nacional, hip hop brasileiro, trap brasileiro, trap funk, trap, pagode","RomantiDog",2025-06-16,02:59,78,83,8,0,65,0,80,-4,D Minor,4,2025-12-27,2GylVVMD21R4SqgAt8gGC5,7A,FRX452525383
155,"Eu Me Apaixonei","Vitinho Imperador",85,168,"piseiro, forr√≥, arrocha, brega, seresta, sertanejo","Eu Me Apaixonei",2025-02-27,03:25,69,89,43,0,62,0,10,-2,G Major,4,2025-12-27,4SjcIkVc4cvFgURD1EHxDM,9B,BC8VV2500003
156,"P do Pecado - Ao Vivo","Grupo Menos √â Mais,Simone Mendes",82,167,"pagode, samba, sertanejo, sertanejo universit√°rio, forr√≥, piseiro, arrocha","MOLHO (Ao Vivo)",2025-10-16,03:12,63,82,66,0,76,0,50,-7,F Minor,4,2025-12-27,38Ps9Kui6qJjpVqdBOfN5M,4A,BRRGE2500260
157,"Saudade Burra - Ao Vivo","Lauana Prado,Simone Mendes",77,116,"sertanejo, sertanejo universit√°rio, pagode, forr√≥, piseiro, arrocha","Transcende (Ao Vivo)",2025-03-07,02:37,66,85,12,0,55,0,30,-4,C Major,4,2025-12-27,3M4HJl7D77l86gL1QXGJHG,8B,BRUM72400735
158,"Suma","Daniela Mercury,Lauana Prado",38,108,"ax√©, pagode baiano, mpb, sertanejo, sertanejo universit√°rio","Cirandaia Luxo",2025-11-20,03:31,68,80,10,0,48,0,10,-4,E Minor,4,2025-12-27,7GJl1Ie45eEKrFN5sefdFG,9A,BRPAG2500016
159,"Beijo Beija-Flor","L√©o Foguete",68,144,"forr√≥, piseiro, sertanejo, arrocha","Mais de Mim",2025-08-21,02:22,41,83,71,0,71,0,20,-3,A#/B‚ô≠ Minor,4,2025-12-27,7obLUtc7Q3mXPt1LvHyE86,3A,BKAP32500033
160,"DONA - Ao Vivo","Luan Santana,L√©o Foguete",71,142,"sertanejo, sertanejo universit√°rio, arrocha, forr√≥, piseiro","DONA (Ao Vivo)",2025-04-24,03:42,49,78,54,0,45,0,40,-6,G Major,4,2025-12-27,6v46jy0bNem1EIbjtfJyee,9B,BR27R2500005
161,"Tubar√µes - Ao Vivo","Diego & Victor Hugo",81,124,"sertanejo, sertanejo universit√°rio, arrocha, agronejo, piseiro","Tubar√µes (Ao Vivo)",2025-02-13,02:42,43,79,19,0,51,0,90,-4,F Minor,4,2025-12-27,6Emsu0BaMpG0ilZCRT8KHZ,4A,BC29Q2500001
162,"Segundo Amor da Sua Vida","Mar√≠lia Mendon√ßa",73,131,"sertanejo, sertanejo universit√°rio, arrocha, forr√≥","Segundo Amor da Sua Vida",2025-10-23,02:39,73,62,50,0,49,0,10,-4,G Major,4,2025-12-27,4HgSxgv95es0rsPRS98nKZ,9B,BRWNV2500235
163,"Ama Ou N√£o Ama","NATTAN",59,155,"piseiro, forr√≥, sertanejo, arrocha, brega, seresta","Impar√°vel",2025-07-10,02:16,41,89,72,0,87,0,10,-4,D Major,4,2025-12-27,27aB79hb7blx7BSAP4xzH2,10B,BC7SK2500070
164,"VOC√ä E SUA AMIGUINHA - Ao Vivo","Luan Pereira,Mc Daniel",63,131,"agronejo, sertanejo, sertanejo universit√°rio, piseiro, funk, trap funk, funk consciente","VOC√ä E SUA AMIGUINHA (Ao Vivo)",2025-08-06,02:25,78,83,13,0,50,0,90,-5,E Minor,4,2025-12-27,4D4QZPjQjISno3Qagl5SRv,9A,BRRGE2502731
165,"Posso At√© N√£o Te Dar Flores","DJ Japa NK,MC Meno K,MC Ryan SP,Mc JacareÃÅ,DJ DAVI DOGDOG",91,130,"funk, trap funk, funk consciente, funk carioca","Posso At√© N√£o Te Dar Flores",2025-09-11,02:38,90,65,27,0,65,0,10,-6,G Minor,4,2025-12-27,4G7bbgD2DHORU4frrWoCXp,6A,BCE7P2503503
166,"M√£e Solteira","DG e Batid√£o Stronda,Mc Davi,J. Eskine,MC G15",74,140,"piseiro, arrocha, forr√≥, funk, funk consciente, trap funk, seresta, brega","M√£e Solteira",2025-03-03,02:24,75,88,19,0,97,0,0,-3,E Minor,4,2025-12-27,4Hk1gmBr2KVEXr3hHwSgUi,9A,BKBSS2500274
167,"AMOR BANDIDO","J. Eskine,Alef Donk,Oruam",73,140,"arrocha, piseiro, seresta, forr√≥, brega, trap funk, trap brasileiro, trap, funk","NEM S√ì DE MALUQUICE VIVE O HOMEM",2025-06-27,03:14,77,82,69,0,91,0,10,-4,C‚ôØ/D‚ô≠ Minor,4,2025-12-27,73SqSkZt2yseVL513HyMgA,12A,BX56X2500070
168,"FAMOSINHA","Dj Caio Vieira,MC Meno K,Mc Rodrigo do CN",84,130,"funk, funk de bh, funk carioca","FAMOSINHA",2025-02-28,02:13,95,66,22,0,77,30,0,-2,A Minor,4,2025-12-27,5Nj2UVsxXAvhfYNpcre3al,8A,GBRKQ2577665
169,"MOTINHA 2.0 (Mete Marcha)","DENNIS,Lu√≠sa Sonza",69,135,"funk, funk carioca, funk pop, funk melody, pop nacional","MOTINHA 2.0 (Mete Marcha)",2025-01-30,01:58,91,90,23,0,85,20,0,-3,A#/B‚ô≠ Major,4,2025-12-27,456hxgSVUAJVgPV0UncG68,6B,BRSME2500065
170,"SEQU√äNCIA FEITICEIRA","PEDRO SAMPAIO,Mc Gw,Mc Jhey,Mc Rodrigo do CN,MC Nito",76,130,"funk, funk pop, funk carioca, pop nacional, brega funk, phonk, phonk brasileiro, funk de bh","SEQU√äNCIAS #1",2025-11-18,02:09,93,73,3,0,60,0,10,-3,D#/E‚ô≠ Minor,4,2025-12-27,1JUmsSEfVwhdJCVBG83XGU,2A,BRWMB2500962
171,"JETSKI","PEDRO SAMPAIO,MC Meno K,Melody",72,155,"funk, funk pop, funk carioca, pop nacional, brega funk, piseiro, agronejo","JETSKI",2025-12-18,02:28,78,76,30,0,92,0,0,-4,D#/E‚ô≠ Minor,4,2025-12-27,3jhyw60F61gc7nC4dblqtC,2A,BRSME2501833
172,"Desliza ( √ìlhinho  No Corpinho)","L√©o Santana,Melody",80,130,"pagode baiano, ax√©, piseiro, pagode, arrocha, pop nacional, funk, agronejo, funk pop","Desliza ( √ìlhinho  No Corpinho)",2025-05-16,02:26,93,72,31,0,97,0,10,-2,A Minor,4,2025-12-27,2gLUZtZN1gfercLP9guft3,8A,BRUM72500712
173,"Sagacidade","KayBlack,MC Hariel,Wall Hein",56,100,"trap brasileiro, trap funk, trap, hip hop brasileiro, funk, funk consciente","A Cara do Enquadro",2025-07-31,02:36,78,40,68,0,44,40,0,-13,C Major,4,2025-12-27,5rydFEHKrWNkigXf2Ay3Rg,8B,BRWMB2500665
174,"Sede de Vencer","MC Hariel,Ferrugem,Murillo e LT no Beat,Duani",45,172,"funk, funk consciente, trap funk, pagode, samba, trap brasileiro","Eh Noiz Ki T√°",2025-08-21,03:23,62,82,46,0,78,10,10,-3,G Minor,3,2025-12-27,645YQL4pTFeA8Ob1bsPL42,6A,BRWMB2500779
175,"Apagar (Fundo Raso)","Ferrugem",74,148,"pagode, samba","Apagar (Fundo Raso)",2025-06-05,03:28,63,54,53,0,76,0,0,-8,D Major,4,2025-12-27,1MUK1YtogJl1f3SF3APmyL,10B,BXG3O2500055
176,"O Que Eu Fa√ßo Agora?","Dilsinho",41,144,"pagode, samba, sertanejo, piseiro","CONTE√öDO SENS√çVEL - primeira sess√£o",2025-11-27,02:43,59,60,63,0,51,0,10,-7,E Minor,4,2025-12-27,7gL1neBFLkkzgUVKz1Svpu,9A,BCG3G2500058
177,"voc√™ vai gostar","DUDA BEAT,AJULIACOSTA",46,100,"nova mpb, pop nacional, mpb, ","esse del√≠rio vol.1",2025-08-08,03:24,79,63,13,0,69,0,0,-7,F Minor,4,2025-12-27,4NONYT8T6OK8hjO46EnajI,4A,BRUM72501152
178,"MAAT","Stefanie,Rashid,Kamau,Emicida,Rincon Sapi√™ncia",32,175,"hip hop brasileiro, boom bap, nova mpb, trap brasileiro","MAAT",2025-04-24,04:06,60,85,7,0,78,30,0,-5,G#/A‚ô≠ Major,4,2025-12-27,7IKiC1BaSvThBivwwa0fkC,4B,BX2612500009
179,"Amina","Tasha & Tracie,retroboy",60,135,"hip hop brasileiro, trap brasileiro, trap","Serena & Venus (Lado A)",2025-09-25,03:05,79,63,18,0,51,30,10,-6,D Major,4,2025-12-27,5yXvnbakcpjieEGoTQQFZ7,10B,BKEHX2500010
180,"Extraordin√°ria","Ebony",66,130,"","KM2",2025-05-12,02:47,81,60,7,1,77,10,10,-6,G Major,4,2025-12-27,3WC5FPpPuiU8eauNnyY8dK,9B,BREBY2500007
181,"Fuso","Duquesa,Go Dassisti",63,136,"hip hop brasileiro","SIX.",2025-08-29,01:54,88,71,7,0,45,10,10,-4,G#/A‚ô≠ Minor,4,2025-12-27,5bJxFYztEjgWrIN7w3zhcF,1A,BXBGP2400062
182,"QUEIMANDO ICE","Irm√£s de Pau,Brunoso,Duquesa",62,130,"ballroom, ","Gambiarra Chic, Pt. 2",2025-05-19,03:54,75,80,18,0,53,10,10,-5,C‚ôØ/D‚ô≠ Major,4,2025-12-27,2RfHXxlkGUXSs1m9UJQZXz,3B,BRTRB2503163
183,"Voz Do Brasil","Urias,Major RD",62,100,"pop nacional, trap brasileiro, hip hop brasileiro, trap, trap funk","CARRANCA",2025-10-07,03:13,83,84,3,0,49,10,10,-4,B Major,4,2025-12-27,1nSF7mrf2Wt4VKsN3cemM2,1B,BK4HW2500027
184,"YES OR NO","Teto",68,140,"trap brasileiro, trap, trap funk, hip hop brasileiro","MAIOR QUE O TEMPO",2025-03-27,03:08,93,71,16,0,79,0,10,-4,D#/E‚ô≠ Minor,4,2025-12-27,7BGhllQfISbfkwYSkp5nRC,2A,BXW922500039
185,"RUAS DE FORTAL (feat. Brand√£o85)","WIU,Brand√£o85",56,133,"trap brasileiro, trap, trap funk, hip hop brasileiro","808 CLUB",2025-01-30,03:22,89,61,4,0,50,30,10,-5,D#/E‚ô≠ Minor,4,2025-12-27,3f6sD0ixZTFHToSjAj79jM,2A,BXW922500029
186,"100% MOLHO","Brand√£o85,Jovem Dex,Leviano,Alee",64,146,"trap brasileiro, trap, hip hop brasileiro, trap funk","ISSO √â TRAP",2025-06-18,04:51,74,73,15,0,65,10,10,-5,A Minor,4,2025-12-27,6PMFRImayWVHs9rXA7bOsu,8A,BXW922500083
187,"Lei Anti O.R.U.A.M","Oruam,Victor WAO,Maurin",68,115,"trap funk, trap brasileiro, trap, funk, hip hop brasileiro","Liberdade",2025-02-21,02:38,67,48,65,0,30,50,0,-8,B Minor,4,2025-12-27,3iDZj9V0RSElRwVgtmMYgJ,10A,BK7652500017
188,"Van Cleef","Orochi,Filipe Ret,Portugal No Beat",73,140,"trap brasileiro, hip hop brasileiro, trap funk, trap","Eu Odeio o Dia dos Namorados",2025-06-13,02:49,49,59,20,0,51,0,10,-5,F#/G‚ô≠ Minor,4,2025-12-27,0sy2mtvcM7V5ETtmQIbGVt,11A,BCM9A2500024
189,"VOZ DO BLOCO","Derek,Trunks",31,180,"trap brasileiro, trap, hip hop brasileiro, trap funk","FUMANDO E VENDO S√âRIE",2025-05-01,04:41,45,90,16,0,46,30,60,-4,C‚ôØ/D‚ô≠ Major,4,2025-12-27,1uma1U5C4hBZ4BMODFtLDr,3B,BRUM72500358
190,"Talvez voc√™ precise de mim","Veigh,Supernova Ent",80,138,"trap brasileiro, trap funk, trap, hip hop brasileiro","Eu Venci o Mundo",2025-06-26,02:06,94,65,19,0,88,10,0,-4,G#/A‚ô≠ Major,4,2025-12-27,2De1EHbIhepIVLHZ16bySE,4B,BKSUV2500064
191,"VAI DESCE BABY","Tz da Coronel,Veigh",61,136,"trap brasileiro, trap funk, trap, hip hop brasileiro","MIXTAPE DE VER√ÉO: GOSTOSAS OUVEM TZ",2025-12-11,03:37,63,65,44,0,20,0,50,-6,F#/G‚ô≠ Minor,4,2025-12-27,44U1er1LxgRNu42fbbz78T,11A,BC2TS2500012
192,"LIDO COM CRISES","Ryu, The Runner,Vulgo FK,Neckklace,6ee",53,115,"trap brasileiro, trap, trap funk, hip hop brasileiro, funk","ADULTO IDEAL",2025-10-16,02:58,75,50,4,0,19,0,10,-6,F Minor,4,2025-12-27,4uIo6eKRfkbf92I0t8UQHX,4A,BRRGE2505496
193,"√ÅREA DE RISCO","Tchelo,LPT Zlatan,retroboy",43,145,"trap brasileiro, trap, trap funk","NOVOS H√ÅBITOS",2025-10-02,02:38,61,68,38,0,34,20,10,-4,E Minor,4,2025-12-27,5Aj1HybLp6AFd3OsYIifj4,9A,QZWV32582772
194,"MEIO","Sant,L7NNON,Mc Marechal",54,135,"hip hop brasileiro, boom bap, trap brasileiro, trap funk, trap, funk carioca","MEIO",2025-11-27,03:15,64,9,13,0,22,10,0,-29,G Minor,4,2025-12-27,1sRUG7Fko07ugdPVxfmT3D,6A,BRRGE2506854
195,"Deusa","BK,2ZDinizz,Anchietx,Nansy Silvvz",63,126,"hip hop brasileiro, boom bap, trap brasileiro, nova mpb","PRODUTO DO AMBIENTE",2025-12-16,04:34,77,54,78,0,54,0,10,-8,B Minor,4,2025-12-27,18KyJgSmfIPEsimWshBojB,10A,BXAK52500025
196,"RASTAFARI","MC Cabelinho,Palma,Ariel Donato",48,140,"trap brasileiro, trap funk, trap, hip hop brasileiro, funk consciente","√äXTASE",2025-09-25,02:07,78,53,34,0,75,0,10,-6,G Minor,4,2025-12-27,2tC61vioqodndg6S0P3Nbq,6A,BKLVW2500035
197,"S√≥ Rock 3","Major RD,Borges,MC Cabelinho,Young Ganni,Rock Danger,meLLo",64,120,"trap brasileiro, hip hop brasileiro, trap, trap funk, funk consciente, boom bap","S√≥ Rock 3",2025-02-25,05:12,86,73,14,0,49,20,10,-3,C‚ôØ/D‚ô≠ Minor,4,2025-12-27,6QSYz3Nlcxwv1x0RWIgMoj,12A,BXQZW2500001
198,"Favela Vive 6","ADL,Dexter,Borges,Mc Carol,Sandra De S√°,Lenderk No Beat",44,92,"hip hop brasileiro, boom bap, trap brasileiro, trap funk, trap, brega funk, funk, pop nacional, funk pop, mpb, samba","Favela Vive 6",2025-08-06,10:43,65,50,18,0,17,30,20,-11,D Major,4,2025-12-27,6n6loCbiFFkKiGkee41YqO,10B,BXGPM2500001
199,"Que Eu Sofra","Baco Exu do Blues,Zeca Veloso",61,94,"hip hop brasileiro, trap brasileiro, mpb, nova mpb","HASOS",2025-11-18,03:37,35,32,87,0,29,0,10,-12,B Major,3,2025-12-27,2TP9ziZ2BQBLywPLUWdhhf,1B,BX2DO2500001
200,"A Cidade","Lagum",58,154,"nova mpb, mpb, pop nacional","As Cores, as Curvas e as Dores do Mundo",2025-05-27,02:43,46,68,26,0,60,0,40,-6,E Major,3,2025-12-27,6chCkT8RkDC0kM66HKfPQb,12B,BK2Q32500003